m4.16xlarge, Linux/UNIX, 44
m4.16xlarge, Linux/UNIX, 44
m4.16xlarge, Linux/UNIX, 44
m4.16xlarge, Linux/UNIX, 44
m4.16xlarge, Linux/UNIX, 44
m4.16xlarge, Linux/UNIX, 44
m4.16xlarge, Linux/UNIX, 44
m4.16xlarge, Linux/UNIX, 44
m4.16xlarge, Linux/UNIX, 44
m4.16xlarge, Linux/UNIX, 44
m4.16xlarge, Linux/UNIX, 44
m4.16xlarge, Linux/UNIX, 44
m4.16xlarge, Linux/UNIX, 44
m4.16xlarge, Linux/UNIX, 44
m4.16xlarge, Linux/UNIX, 44
m4.16xlarge, Linux/UNIX, 44
m4.16xlarge, Linux/UNIX, 44
m4.16xlarge, Linux/UNIX, 44
m4.16xlarge, Linux/UNIX, 44
m4.16xlarge, Linux/UNIX, 44
m4.16xlarge, Linux/UNIX, 44
m4.16xlarge, Linux/UNIX, 44
m4.16xlarge, Linux/UNIX, 44
m4.16xlarge, Linux/UNIX, 44
m4.16xlarge, Linux/UNIX, 44
m4.16xlarge, Linux/UNIX, 45
m4.16xlarge, Linux/UNIX, 45
m4.16xlarge, Linux/UNIX, 45
m4.16xlarge, Linux/UNIX, 45
